{
  "target_fpr": 0.05,
  "methods": {
    "robust_z": {
      "threshold": 6.576375367934707,
      "null_quantiles": [
        0.0,
        0.0,
        0.0,
        0.0,
        0.0,
        0.0,
        0.0,
        0.0,
        0.0,
        0.005489153386539647,
        0.023974496327826625,
        0.041954928949332684,
        0.0571509428179384,
        0.0748770814594942,
        0.08825223717113141,
        0.10196246486393352,
        0.11666214415164472,
        0.13099908918828984,
        0.1521742063924263,
        0.16862268986914938,
        0.1874023292506176,
        0.20131217864050205,
        0.21744993695983733,
        0.22871355246072048,
        0.2436834291875022,
        0.26245999375662327,
        0.28365131860692727,
        0.2977591391005991,
        0.3155384854293625,
        0.3318101969419414,
        0.338133236753328,
        0.3527862762394507,
        0.37341811835226946,
        0.3880756937015031,
        0.40460825823845836,
        0.4215567246728713,
        0.43466012663839504,
        0.44966050631772925,
        0.460512111808356,
        0.47426122227708867,
        0.4915318790233943,
        0.5058680696074462,
        0.5159791309653294,
        0.5395926075812754,
        0.5615129826600881,
        0.5747822929869317,
        0.596072878134944,
        0.6131454257773151,
        0.6273680292336073,
        0.6498919601875994,
        0.6716728863397432,
        0.675989104350671,
        0.6911607573042923,
        0.7144079339185982,
        0.7329603239258862,
        0.7514801114723335,
        0.7676611501306461,
        0.786576501174462,
        0.7968119423999028,
        0.8128430593542928,
        0.8342537121269055,
        0.847440202523164,
        0.8668337641670862,
        0.8931089008284354,
        0.9151320101478602,
        0.9392578048074333,
        0.9589509393900139,
        0.9926890208116302,
        1.0084515029415904,
        1.0207636604103125,
        1.0434993233831893,
        1.0679437025046083,
        1.0940977253333748,
        1.1211621696490148,
        1.1478096946166856,
        1.1706409342238941,
        1.2015489814232734,
        1.2346655048075919,
        1.2606328367278365,
        1.3029003541765625,
        1.3405602305328517,
        1.3598972203177395,
        1.4047967529804246,
        1.440187403173054,
        1.4925905367610637,
        1.5410714066794469,
        1.5941780156949292,
        1.6493189266212402,
        1.7088958060065929,
        1.770538243626063,
        1.8512914827175475,
        1.920787644078982,
        2.0325745349856046,
        2.1751199935895524,
        2.3014676235135054,
        2.4731327847475124,
        2.666300262079423,
        2.8539471008926727,
        3.1762844069990988,
        3.644008066650952,
        9.218040379513456
      ]
    },
    "page_hinkley": {
      "threshold": 5.528596421838955,
      "null_quantiles": [
        0.3005179051654683,
        0.3129031343206613,
        0.32582605531447684,
        0.3371796810627754,
        0.34883391912069156,
        0.3620590879089235,
        0.3734774168702599,
        0.38616311843770035,
        0.3934529430280136,
        0.4044108117504379,
        0.41343593598066425,
        0.42142840748051313,
        0.43194024996823915,
        0.4437625331841064,
        0.45971600820567016,
        0.4754354221003931,
        0.4903378544896374,
        0.5025206050883446,
        0.5150140640139603,
        0.5247396793360412,
        0.5380270028607737,
        0.5490031394798821,
        0.5599281956565676,
        0.5651688189437032,
        0.5756281080202527,
        0.5914427315477987,
        0.5990069136840231,
        0.6154759685673046,
        0.626498236805568,
        0.6377612649481497,
        0.651929885236766,
        0.6725894160478622,
        0.685137577568792,
        0.7000363765469,
        0.7099710823695595,
        0.7344156975617381,
        0.7535066958847706,
        0.7691477565557823,
        0.7893333586524579,
        0.8098395785140463,
        0.8216816490049741,
        0.8353669595954134,
        0.8546792476706015,
        0.8706903326463525,
        0.882815746141805,
        0.8917762501979424,
        0.9079529626086812,
        0.9165334799100734,
        0.9276498495284595,
        0.9465084358560252,
        0.9644008150437291,
        0.9787502947792807,
        0.9969617961005725,
        1.0123792987521552,
        1.0345525338319383,
        1.0561221818986726,
        1.0820677149664515,
        1.1047189348672943,
        1.1249256291295324,
        1.1441174994332668,
        1.1693272592939778,
        1.1844077686736214,
        1.20925680519632,
        1.2277828790385688,
        1.2501811132594873,
        1.2677975385042106,
        1.2917981639785092,
        1.3260012090682542,
        1.3589220230165886,
        1.3954640905880846,
        1.4221591320398497,
        1.4485406895274007,
        1.4785595997854575,
        1.5103420091713513,
        1.5388519389160733,
        1.5738117721120541,
        1.6106316209436207,
        1.6378350253005087,
        1.684300963617011,
        1.7220248546008032,
        1.7615265960755646,
        1.8281737181906608,
        1.8595655712329555,
        1.9093480410791481,
        1.9547475267695866,
        2.0221048737863017,
        2.0800057395076386,
        2.1616023963903555,
        2.227112495996277,
        2.2847340254166624,
        2.3526558369941126,
        2.4838593347521556,
        2.5987451941909443,
        2.6909174559663507,
        2.7932695960661276,
        2.9405961473594786,
        3.286071973068755,
        3.6310381296851246,
        4.082464443771255,
        4.53178588228773,
        7.35516113905429
      ]
    },
    "pelt": {
      "threshold": 2.9620166478696617,